"JOB_TITLE","EMPLOYEE_ID","SALARY","COUNTRY_NAME","REGION_NAME"
"President",100,24000,"United States of America","Americas"
"Administration Vice President",101,17000,"United States of America","Americas"
"Administration Vice President",102,17000,"United States of America","Americas"
"Administration Assistant",200,4400,"United States of America","Americas"
"Finance Manager",108,12008,"United States of America","Americas"
"Accountant",109,9000,"United States of America","Americas"
"Accountant",110,8200,"United States of America","Americas"
"Accountant",111,7700,"United States of America","Americas"
"Accountant",112,7800,"United States of America","Americas"
"Accountant",113,6900,"United States of America","Americas"
"Accounting Manager",205,12008,"United States of America","Americas"
"Public Accountant",206,8300,"United States of America","Americas"
"Sales Manager",145,14000,"United Kingdom of Great Britain and Northern Ireland","Europe"
"Sales Manager",146,13500,"United Kingdom of Great Britain and Northern Ireland","Europe"
"Sales Manager",147,12000,"United Kingdom of Great Britain and Northern Ireland","Europe"
"Sales Manager",148,11000,"United Kingdom of Great Britain and Northern Ireland","Europe"
"Sales Manager",149,10500,"United Kingdom of Great Britain and Northern Ireland","Europe"
"Sales Representative",150,10000,"United Kingdom of Great Britain and Northern Ireland","Europe"
"Sales Representative",151,9500,"United Kingdom of Great Britain and Northern Ireland","Europe"
"Sales Representative",152,9000,"United Kingdom of Great Britain and Northern Ireland","Europe"
"Sales Representative",153,8000,"United Kingdom of Great Britain and Northern Ireland","Europe"
"Sales Representative",154,7500,"United Kingdom of Great Britain and Northern Ireland","Europe"
"Sales Representative",155,7000,"United Kingdom of Great Britain and Northern Ireland","Europe"
"Sales Representative",156,10000,"United Kingdom of Great Britain and Northern Ireland","Europe"
"Sales Representative",157,9500,"United Kingdom of Great Britain and Northern Ireland","Europe"
"Sales Representative",158,9000,"United Kingdom of Great Britain and Northern Ireland","Europe"
"Sales Representative",159,8000,"United Kingdom of Great Britain and Northern Ireland","Europe"
"Sales Representative",160,7500,"United Kingdom of Great Britain and Northern Ireland","Europe"
"Sales Representative",161,7000,"United Kingdom of Great Britain and Northern Ireland","Europe"
"Sales Representative",162,10500,"United Kingdom of Great Britain and Northern Ireland","Europe"
"Sales Representative",163,9500,"United Kingdom of Great Britain and Northern Ireland","Europe"
"Sales Representative",164,7200,"United Kingdom of Great Britain and Northern Ireland","Europe"
"Sales Representative",165,6800,"United Kingdom of Great Britain and Northern Ireland","Europe"
"Sales Representative",166,6400,"United Kingdom of Great Britain and Northern Ireland","Europe"
"Sales Representative",167,6200,"United Kingdom of Great Britain and Northern Ireland","Europe"
"Sales Representative",168,11500,"United Kingdom of Great Britain and Northern Ireland","Europe"
"Sales Representative",169,10000,"United Kingdom of Great Britain and Northern Ireland","Europe"
"Sales Representative",170,9600,"United Kingdom of Great Britain and Northern Ireland","Europe"
"Sales Representative",171,7400,"United Kingdom of Great Britain and Northern Ireland","Europe"
"Sales Representative",172,7300,"United Kingdom of Great Britain and Northern Ireland","Europe"
"Sales Representative",173,6100,"United Kingdom of Great Britain and Northern Ireland","Europe"
"Sales Representative",174,11000,"United Kingdom of Great Britain and Northern Ireland","Europe"
"Sales Representative",175,8800,"United Kingdom of Great Britain and Northern Ireland","Europe"
"Sales Representative",176,8600,"United Kingdom of Great Britain and Northern Ireland","Europe"
"Sales Representative",177,8400,"United Kingdom of Great Britain and Northern Ireland","Europe"
"Sales Representative",179,6200,"United Kingdom of Great Britain and Northern Ireland","Europe"
"Purchasing Manager",114,11000,"United States of America","Americas"
"Purchasing Clerk",115,3100,"United States of America","Americas"
"Purchasing Clerk",116,2900,"United States of America","Americas"
"Purchasing Clerk",117,2800,"United States of America","Americas"
"Purchasing Clerk",118,2600,"United States of America","Americas"
"Purchasing Clerk",119,2500,"United States of America","Americas"
"Stock Manager",120,8000,"United States of America","Americas"
"Stock Manager",121,8200,"United States of America","Americas"
"Stock Manager",122,7900,"United States of America","Americas"
"Stock Manager",123,6500,"United States of America","Americas"
"Stock Manager",124,5800,"United States of America","Americas"
"Stock Clerk",125,3200,"United States of America","Americas"
"Stock Clerk",126,2700,"United States of America","Americas"
"Stock Clerk",127,2400,"United States of America","Americas"
"Stock Clerk",128,2200,"United States of America","Americas"
"Stock Clerk",129,3300,"United States of America","Americas"
"Stock Clerk",130,2800,"United States of America","Americas"
"Stock Clerk",131,2500,"United States of America","Americas"
"Stock Clerk",132,2100,"United States of America","Americas"
"Stock Clerk",133,3300,"United States of America","Americas"
"Stock Clerk",134,2900,"United States of America","Americas"
"Stock Clerk",135,2400,"United States of America","Americas"
"Stock Clerk",136,2200,"United States of America","Americas"
"Stock Clerk",137,3600,"United States of America","Americas"
"Stock Clerk",138,3200,"United States of America","Americas"
"Stock Clerk",139,2700,"United States of America","Americas"
"Stock Clerk",140,2500,"United States of America","Americas"
"Stock Clerk",141,3500,"United States of America","Americas"
"Stock Clerk",142,3100,"United States of America","Americas"
"Stock Clerk",143,2600,"United States of America","Americas"
"Stock Clerk",144,2500,"United States of America","Americas"
"Shipping Clerk",180,3200,"United States of America","Americas"
"Shipping Clerk",181,3100,"United States of America","Americas"
"Shipping Clerk",182,2500,"United States of America","Americas"
"Shipping Clerk",183,2800,"United States of America","Americas"
"Shipping Clerk",184,4200,"United States of America","Americas"
"Shipping Clerk",185,4100,"United States of America","Americas"
"Shipping Clerk",186,3400,"United States of America","Americas"
"Shipping Clerk",187,3000,"United States of America","Americas"
"Shipping Clerk",188,3800,"United States of America","Americas"
"Shipping Clerk",189,3600,"United States of America","Americas"
"Shipping Clerk",190,2900,"United States of America","Americas"
"Shipping Clerk",191,2500,"United States of America","Americas"
"Shipping Clerk",192,4000,"United States of America","Americas"
"Shipping Clerk",193,3900,"United States of America","Americas"
"Shipping Clerk",194,3200,"United States of America","Americas"
"Shipping Clerk",195,2800,"United States of America","Americas"
"Shipping Clerk",196,3100,"United States of America","Americas"
"Shipping Clerk",197,3000,"United States of America","Americas"
"Shipping Clerk",198,2600,"United States of America","Americas"
"Shipping Clerk",199,2600,"United States of America","Americas"
"Programmer",103,9000,"United States of America","Americas"
"Programmer",104,6000,"United States of America","Americas"
"Programmer",105,4800,"United States of America","Americas"
"Programmer",106,4800,"United States of America","Americas"
"Programmer",107,4200,"United States of America","Americas"
"Marketing Manager",201,13000,"Canada","Americas"
"Marketing Representative",202,6000,"Canada","Americas"
"Human Resources Representative",203,6500,"United Kingdom of Great Britain and Northern Ireland","Europe"
"Public Relations Representative",204,10000,"Germany","Europe"
